fill,side,kind,entry,stop,exit_exec,exit_px,reason,R
2026-09-01 10:24,sell,primary,4429.47,4434.84,2026-09-01 12:18,4376.55,R1 invalidation,9.829
2026-09-01 13:00,sell,primary,4370.15,4373.81,2026-09-01 13:06,4373.81,STOP,-1.038
2026-09-01 14:18,sell,primary,4376.83,4382.96,2026-09-01 14:24,4377.76,R1 invalidation,-0.175
2026-09-01 15:45,sell,primary,4366.06,4376.06,2026-09-01 16:33,4350.5,R1 invalidation,1.542
2026-09-01 16:51,sell,primary,4364.56,4370.05,2026-09-01 17:00,4370.05,STOP,-1.031
2026-09-01 20:45,sell,primary,4344.08,4350.18,2026-09-01 21:18,4339.58,R1 invalidation,0.715
2026-09-02 01:00,sell,primary,4333.94,4337.24,2026-09-02 01:09,4329.92,R1 invalidation,1.167
2026-09-02 02:27,sell,primary,4330.03,4331.17,2026-09-02 02:30,4331.17,STOP,-1.123
2026-09-02 03:15,sell,primary,4334.15,4335.6,2026-09-02 04:18,4323.37,R1 invalidation,7.338
2026-09-02 08:15,sell,primary,4311.14,4313.7,2026-09-02 08:18,4313.7,STOP,-1.055
2026-09-02 09:39,sell,primary,4321.85,4329.44,2026-09-02 09:57,4321.02,R1 invalidation,0.091
2026-09-02 09:57,sell,primary,4320.32,4326.47,2026-09-02 10:06,4326.47,STOP,-1.023
2026-09-02 11:36,sell,primary,4322.83,4329.8,2026-09-02 12:06,4320.05,R1 invalidation,0.379
2026-09-02 12:06,sell,primary,4320.3,4325.19,2026-09-02 13:15,4306.83,R1 invalidation,2.726
2026-09-02 14:09,sell,primary,4314.76,4320.18,2026-09-02 14:12,4320.18,STOP,-1.026
2026-09-03 01:03,buy,primary,4389.97,4387.97,2026-09-03 01:18,4387.97,STOP,-1.07
2026-09-03 03:33,buy,primary,4383.12,4382.16,2026-09-03 04:18,4399.21,R1 invalidation,16.615
2026-09-03 05:45,buy,primary,4412.66,4406.63,2026-09-03 06:48,4425.81,R1 invalidation,2.158
2026-09-03 07:03,buy,primary,4427.62,4425.44,2026-09-03 07:15,4430.96,R1 invalidation,1.468
2026-09-03 07:27,buy,primary,4434.89,4430.56,2026-09-03 07:51,4436.39,R1 invalidation,0.314
2026-09-03 08:57,buy,primary,4430.71,4426.29,2026-09-03 09:12,4426.49,R1 invalidation,-0.986
2026-09-03 12:45,buy,primary,4428.99,4423.77,2026-09-03 12:54,4427.08,R1 invalidation,-0.393
2026-09-03 14:00,buy,primary,4425.92,4423.97,2026-09-03 14:21,4431.79,R1 invalidation,2.938
2026-09-03 20:51,buy,primary,4489.14,4485.51,2026-09-03 21:03,4485.51,STOP,-1.039
2026-09-04 01:00,sell,primary,4474.28,4478.5,2026-09-04 01:18,4478.5,STOP,-1.033
2026-09-04 02:27,sell,primary,4474.41,4476.81,2026-09-04 02:36,4476.81,STOP,-1.058
2026-09-04 04:09,sell,primary,4480.71,4486.67,2026-09-04 04:39,4474.78,R1 invalidation,0.971
2026-09-04 04:39,sell,primary,4476.86,4482.43,2026-09-04 04:57,4476.48,R1 invalidation,0.043
2026-09-04 08:39,sell,primary,4476.15,4480.65,2026-09-04 10:06,4466.19,R1 invalidation,2.182
2026-09-04 10:06,sell,primary,4467.15,4475.13,2026-09-04 10:30,4475.13,STOP,-1.018
2026-09-04 13:45,sell,primary,4475.87,4479.75,2026-09-04 14:24,4469.8,R1 invalidation,1.528
2026-09-04 14:30,sell,primary,4467.59,4470.8,2026-09-04 15:06,4469.17,R1 invalidation,-0.536
2026-09-04 15:15,sell,primary,4465.84,4470.46,2026-09-04 15:27,4469.37,R1 invalidation,-0.801
2026-09-09 03:18,sell,primary,4346.91,4352.69,2026-09-09 03:30,4347.01,R1 invalidation,-0.042
2026-09-09 05:03,sell,primary,4372.51,4376.06,2026-09-09 05:12,4374.38,R1 invalidation,-0.566
2026-09-09 05:42,sell,primary,4373.07,4375.8,2026-09-09 05:45,4375.8,STOP,-1.051
2026-09-09 06:57,sell,primary,4377.08,4380.12,2026-09-09 07:24,4376.16,R1 invalidation,0.257
2026-09-09 09:42,buy,primary,4400.57,4396.87,2026-09-09 11:03,4408.31,R1 invalidation,2.054
2026-09-09 11:06,buy,primary,4409.8,4407.86,2026-09-09 11:09,4407.86,STOP,-1.072
2026-09-09 14:06,buy,primary,4402.02,4399.6,2026-09-09 14:36,4404.63,R1 invalidation,1.021
2026-09-09 14:54,buy,primary,4407.93,4403.78,2026-09-09 15:03,4403.78,STOP,-1.034
2026-09-09 21:15,buy,primary,4418.53,4415.66,2026-09-09 21:24,4417.36,R1 invalidation,-0.456
2026-09-10 02:27,buy,primary,4396.41,4393.41,2026-09-10 02:39,4393.41,STOP,-1.047
2026-09-10 05:15,buy,primary,4411.0,4407.48,2026-09-10 06:06,4415.99,R1 invalidation,1.378
2026-09-10 07:36,buy,primary,4409.26,4407.19,2026-09-10 07:39,4407.19,STOP,-1.068
2026-09-10 09:21,buy,primary,4411.15,4407.52,2026-09-10 10:03,4416.74,R1 invalidation,1.501
2026-09-10 10:03,buy,primary,4416.71,4413.15,2026-09-10 10:12,4413.15,STOP,-1.039
2026-09-10 13:09,buy,primary,4392.94,4389.54,2026-09-10 13:30,4389.54,STOP,-1.041
2026-09-10 16:39,sell,primary,4371.91,4376.67,2026-09-10 17:21,4363.81,R1 invalidation,1.672
2026-09-10 18:03,sell,primary,4354.01,4366.83,2026-09-10 18:09,4358.8,R1 invalidation,-0.385
2026-09-11 01:00,sell,primary,4320.11,4324.88,2026-09-11 01:00,4324.88,STOP (same bar),-1.036
2026-09-11 01:42,sell,primary,4316.49,4324.89,2026-09-11 01:51,4318.51,R1 invalidation,-0.257
2026-09-11 06:09,sell,primary,4318.26,4326.85,2026-09-11 06:57,4306.18,R1 invalidation,1.39
2026-09-11 10:06,buy,primary,4354.2,4349.3,2026-09-11 10:21,4349.3,STOP,-1.029
2026-09-11 11:27,buy,primary,4350.14,4344.61,2026-09-11 12:00,4347.4,R1 invalidation,-0.521
2026-09-11 16:36,buy,primary,4393.19,4381.62,2026-09-11 17:15,4382.92,R1 invalidation,-0.9
2026-09-14 02:42,sell,primary,4338.47,4341.53,2026-09-14 03:06,4337.21,R1 invalidation,0.366
2026-09-14 04:24,sell,primary,4337.09,4342.63,2026-09-14 04:39,4342.63,STOP,-1.025
2026-09-14 06:51,sell,primary,4333.73,4336.4,2026-09-14 07:51,4325.22,R1 invalidation,3.135
2026-09-14 07:54,sell,primary,4329.09,4333.49,2026-09-14 08:30,4333.49,STOP,-1.032
2026-09-14 09:12,buy,primary,4329.24,4326.77,2026-09-14 09:42,4326.77,STOP,-1.057
2026-09-14 11:33,buy,primary,4313.76,4310.53,2026-09-14 11:42,4310.53,STOP,-1.043
2026-09-14 13:15,buy,primary,4286.33,4280.46,2026-09-14 13:21,4287.04,R1 invalidation,0.097
2026-09-14 13:27,buy,primary,4291.08,4286.84,2026-09-14 13:48,4292.26,R1 invalidation,0.245
2026-09-14 14:00,buy,primary,4293.31,4291.48,2026-09-14 14:12,4292.74,R1 invalidation,-0.388
2026-09-14 16:45,sell,primary,4279.81,4286.58,2026-09-14 17:12,4273.78,R1 invalidation,0.87
2026-09-14 17:33,sell,primary,4271.31,4281.84,2026-09-14 18:00,4279.5,R1 invalidation,-0.791
2026-09-14 20:36,sell,primary,4310.72,4313.32,2026-09-14 20:54,4312.15,R1 invalidation,-0.604
2026-09-14 21:33,sell,primary,4311.6,4314.19,2026-09-14 23:06,4285.96,R1 invalidation,9.834
2026-09-15 01:06,buy,primary,4297.46,4294.7,2026-09-15 01:21,4296.14,R1 invalidation,-0.529
2026-09-15 04:00,buy,primary,4288.7,4283.92,2026-09-15 04:39,4296.86,R1 invalidation,1.678
2026-09-15 04:51,buy,primary,4295.16,4288.17,2026-09-15 05:12,4305.31,R1 invalidation,1.432
2026-09-15 05:30,buy,primary,4308.82,4305.15,2026-09-15 06:45,4308.75,R1 invalidation,-0.057
2026-09-15 08:03,buy,primary,4303.16,4300.74,2026-09-15 08:09,4302.05,R1 invalidation,-0.517
2026-09-15 09:15,sell,primary,4292.54,4296.88,2026-09-15 09:51,4293.09,R1 invalidation,-0.159
2026-09-15 10:15,sell,primary,4291.12,4293.67,2026-09-15 10:30,4292.01,R1 invalidation,-0.404
2026-09-15 10:45,sell,primary,4287.71,4292.35,2026-09-15 11:15,4268.0,R1 invalidation,4.218
2026-09-15 12:42,sell,primary,4271.66,4274.44,2026-09-15 13:06,4274.44,STOP,-1.05
2026-09-15 15:33,sell,primary,4283.77,4286.57,2026-09-15 15:48,4286.57,STOP,-1.05
2026-09-15 22:15,sell,primary,4302.45,4308.36,2026-09-15 22:51,4298.63,R1 invalidation,0.623
2026-09-15 22:57,sell,primary,4298.04,4299.76,2026-09-16 01:06,4295.11,R1 invalidation,1.605
2026-09-16 01:30,buy,primary,4295.75,4292.7,2026-09-16 01:42,4296.29,R1 invalidation,0.131
2026-09-16 10:00,buy,primary,4332.06,4325.73,2026-09-16 10:21,4333.87,R1 invalidation,0.264
2026-09-16 10:39,buy,primary,4337.56,4332.19,2026-09-16 10:51,4332.19,STOP,-1.026
2026-09-16 14:12,buy,primary,4347.92,4346.5,2026-09-16 14:48,4346.5,STOP,-1.099
2026-09-16 16:42,buy,primary,4343.59,4338.68,2026-09-16 16:51,4338.68,STOP,-1.029
2026-09-16 19:03,buy,primary,4348.05,4344.49,2026-09-16 19:27,4344.49,STOP,-1.039
2026-09-17 01:00,sell,primary,4260.79,4280.33,2026-09-17 01:21,4261.12,R1 invalidation,-0.024
2026-09-17 05:48,sell,primary,4284.52,4290.86,2026-09-17 06:06,4282.65,R1 invalidation,0.273
2026-09-17 07:36,sell,primary,4293.4,4296.39,2026-09-17 07:36,4296.39,STOP (same bar),-1.047
2026-09-17 08:33,sell,primary,4296.76,4299.09,2026-09-17 08:48,4299.09,STOP,-1.06
2026-09-17 09:33,buy,primary,4312.28,4304.58,2026-09-17 10:54,4329.98,R1 invalidation,2.281
2026-09-17 11:45,buy,primary,4311.29,4306.95,2026-09-17 12:24,4311.11,R1 invalidation,-0.074
2026-09-17 13:15,buy,primary,4308.08,4305.67,2026-09-17 13:42,4314.7,R1 invalidation,2.689
2026-09-17 17:18,buy,primary,4366.19,4357.73,2026-09-17 17:30,4367.04,R1 invalidation,0.084
2026-09-17 19:30,buy,primary,4362.88,4356.34,2026-09-17 19:51,4356.34,STOP,-1.021
2026-09-17 21:15,buy,primary,4363.96,4358.53,2026-09-17 21:21,4360.76,R1 invalidation,-0.615
2026-09-18 01:00,sell,primary,4342.81,4345.1,2026-09-18 01:00,4345.1,STOP (same bar),-1.074
2026-09-18 03:06,sell,primary,4346.24,4348.24,2026-09-18 03:09,4348.24,STOP,-1.07
2026-09-18 05:33,sell,primary,4356.24,4363.89,2026-09-18 06:06,4350.02,R1 invalidation,0.795
2026-09-18 06:33,sell,primary,4346.24,4351.89,2026-09-18 06:36,4351.89,STOP,-1.025
2026-09-18 10:12,buy,primary,4389.13,4382.52,2026-09-18 10:57,4393.19,R1 invalidation,0.593
2026-09-18 11:09,buy,primary,4392.24,4388.93,2026-09-18 11:24,4388.93,STOP,-1.042
2026-09-18 12:24,buy,primary,4387.7,4385.64,2026-09-18 12:33,4385.64,STOP,-1.068
2026-09-18 14:03,buy,primary,4379.5,4376.93,2026-09-18 14:18,4382.09,R1 invalidation,0.953
2026-09-18 14:18,buy,primary,4386.53,4378.29,2026-09-18 14:27,4378.29,STOP,-1.017
2026-09-18 16:06,sell,primary,4374.77,4382.24,2026-09-18 17:06,4354.0,R1 invalidation,2.762
2026-09-18 17:21,sell,primary,4352.02,4356.6,2026-09-18 17:39,4349.7,R1 invalidation,0.476
2026-09-21 04:03,buy,primary,4370.9,4364.03,2026-09-21 04:30,4375.44,R1 invalidation,0.64
2026-09-21 04:48,buy,primary,4378.45,4374.64,2026-09-21 05:00,4374.64,STOP,-1.037
2026-09-21 06:51,buy,primary,4361.57,4359.16,2026-09-21 06:54,4359.16,STOP,-1.058
2026-09-21 09:24,sell,primary,4349.06,4356.06,2026-09-21 09:36,4350.12,R1 invalidation,-0.171
2026-09-21 10:42,sell,primary,4349.56,4353.83,2026-09-21 11:15,4353.83,STOP,-1.033
2026-09-21 13:12,sell,primary,4353.04,4355.07,2026-09-21 13:15,4355.07,STOP,-1.069
2026-09-21 14:12,sell,primary,4347.81,4350.95,2026-09-21 14:15,4350.95,STOP,-1.045
2026-09-21 15:57,sell,primary,4356.8,4363.54,2026-09-21 16:09,4363.54,STOP,-1.021
2026-09-21 16:24,buy,primary,4363.62,4355.44,2026-09-21 16:30,4355.44,STOP,-1.017
2026-09-21 19:12,buy,primary,4350.96,4348.21,2026-09-21 19:27,4349.04,R1 invalidation,-0.749
2026-09-21 22:48,buy,primary,4346.17,4343.01,2026-09-21 23:00,4343.01,STOP,-1.044
2026-09-22 01:15,sell,primary,4351.3,4353.39,2026-09-22 01:45,4353.39,STOP,-1.067
2026-09-22 08:06,sell,primary,4344.7,4347.87,2026-09-22 11:06,4306.84,R1 invalidation,11.899
2026-09-22 11:36,sell,primary,4304.98,4312.08,2026-09-22 11:39,4312.08,STOP,-1.02
2026-09-22 15:00,sell,primary,4324.43,4335.56,2026-09-22 15:21,4334.63,R1 invalidation,-0.929
2026-09-22 16:45,buy,primary,4340.99,4332.33,2026-09-22 16:54,4332.33,STOP,-1.016
2026-09-22 20:48,buy,primary,4339.98,4336.51,2026-09-22 21:36,4352.55,R1 invalidation,3.582
2026-09-23 02:24,buy,primary,4363.19,4360.69,2026-09-23 02:48,4360.69,STOP,-1.056
2026-09-23 03:18,buy,primary,4361.62,4358.6,2026-09-23 03:24,4360.48,R1 invalidation,-0.424
2026-09-23 07:15,buy,primary,4345.01,4342.48,2026-09-23 07:42,4343.97,R1 invalidation,-0.466
2026-09-23 12:57,sell,primary,4314.48,4316.74,2026-09-23 13:03,4316.74,STOP,-1.062
2026-09-23 13:54,sell,primary,4315.74,4317.88,2026-09-23 14:45,4304.69,R1 invalidation,5.098
2026-09-23 18:42,sell,primary,4280.5,4286.07,2026-09-23 19:30,4286.07,STOP,-1.025
2026-09-23 20:09,sell,primary,4285.13,4288.08,2026-09-23 20:42,4288.08,STOP,-1.047
2026-09-23 23:54,sell,primary,4288.61,4290.65,2026-09-24 01:00,4290.65,STOP,-1.083
2026-09-24 05:39,sell,primary,4294.83,4299.23,2026-09-24 05:57,4291.92,R1 invalidation,0.63
2026-09-24 06:12,sell,primary,4288.41,4292.96,2026-09-24 06:18,4288.89,R1 invalidation,-0.136
2026-09-24 07:00,sell,primary,4286.94,4288.9,2026-09-24 07:33,4288.9,STOP,-1.071
2026-09-24 09:00,sell,primary,4280.35,4285.97,2026-09-24 09:06,4285.97,STOP,-1.025
2026-09-24 10:03,sell,primary,4281.57,4286.29,2026-09-24 10:15,4286.29,STOP,-1.03
2026-09-24 11:00,sell,primary,4283.9,4287.08,2026-09-24 11:33,4272.88,R1 invalidation,3.421
2026-09-24 12:00,sell,primary,4263.9,4273.73,2026-09-24 12:21,4264.12,R1 invalidation,-0.037
2026-09-24 13:36,sell,primary,4261.32,4264.38,2026-09-24 14:15,4259.06,R1 invalidation,0.693
2026-09-24 16:39,buy,primary,4269.94,4265.07,2026-09-24 16:57,4265.07,STOP,-1.029
2026-09-25 05:36,sell,primary,4287.91,4292.16,2026-09-25 06:00,4283.73,R1 invalidation,0.951
2026-09-25 08:30,sell,primary,4270.11,4272.91,2026-09-25 08:39,4272.91,STOP,-1.05
2026-09-25 12:57,sell,primary,4294.49,4297.63,2026-09-25 13:03,4297.63,STOP,-1.045
2026-09-25 15:18,sell,primary,4300.12,4304.04,2026-09-25 15:21,4304.04,STOP,-1.036
2026-09-25 18:36,buy,primary,4281.0,4272.57,2026-09-25 18:45,4272.57,STOP,-1.017
2026-09-25 22:03,buy,primary,4290.81,4287.67,2026-09-25 22:24,4290.14,R1 invalidation,-0.258
2026-09-25 22:24,buy,primary,4292.54,4288.75,2026-09-25 22:24,4288.75,STOP (same bar),-1.037
2026-09-28 06:54,sell,primary,4199.14,4203.27,2026-09-28 07:12,4199.02,R1 invalidation,-0.005
2026-09-28 07:54,sell,primary,4196.41,4199.97,2026-09-28 08:03,4197.7,R1 invalidation,-0.402
2026-09-28 08:27,sell,primary,4191.95,4194.47,2026-09-28 09:09,4180.6,R1 invalidation,4.448
2026-09-28 09:33,sell,primary,4177.19,4181.5,2026-09-28 11:03,4157.95,R1 invalidation,4.432
2026-09-28 11:18,sell,primary,4154.03,4158.64,2026-09-28 11:42,4148.99,R1 invalidation,1.063
2026-09-28 12:21,sell,primary,4147.75,4151.27,2026-09-28 12:42,4148.92,R1 invalidation,-0.372
2026-09-28 14:27,sell,primary,4155.63,4159.27,2026-09-28 15:03,4159.27,STOP,-1.038
2026-09-28 16:42,sell,primary,4151.23,4155.89,2026-09-28 16:45,4155.89,STOP,-1.03
2026-09-28 22:51,sell,primary,4126.28,4144.17,2026-09-28 23:18,4122.41,R1 invalidation,0.207
2026-09-29 01:03,sell,primary,4121.1,4122.89,2026-09-29 01:06,4122.89,STOP,-1.095
2026-09-29 03:33,sell,primary,4123.82,4127.62,2026-09-29 04:15,4127.62,STOP,-1.037
2026-09-29 08:36,sell,primary,4129.29,4132.6,2026-09-29 08:39,4132.6,STOP,-1.042
2026-09-29 10:30,buy,primary,4141.2,4136.24,2026-09-29 11:36,4139.07,R1 invalidation,-0.458
2026-09-29 12:51,buy,primary,4142.24,4139.47,2026-09-29 14:39,4156.45,R1 invalidation,5.079
2026-09-29 16:42,buy,primary,4156.95,4151.71,2026-09-29 17:00,4157.73,R1 invalidation,0.122
2026-09-29 18:15,buy,primary,4160.94,4157.0,2026-09-29 18:21,4157.0,STOP,-1.036
2026-09-29 21:48,buy,primary,4165.8,4162.49,2026-09-29 23:12,4172.94,R1 invalidation,2.106
2026-09-30 02:30,buy,primary,4178.77,4177.65,2026-09-30 03:00,4184.83,R1 invalidation,5.286
2026-09-30 03:15,buy,primary,4181.97,4179.69,2026-09-30 03:36,4179.69,STOP,-1.061
2026-09-30 06:15,buy,primary,4177.54,4175.46,2026-09-30 06:33,4175.46,STOP,-1.067
2026-09-30 09:00,sell,primary,4178.89,4182.28,2026-09-30 09:09,4182.28,STOP,-1.041
2026-09-30 13:54,sell,primary,4185.96,4190.81,2026-09-30 14:24,4181.89,R1 invalidation,0.81
2026-09-30 14:24,sell,primary,4182.35,4186.57,2026-09-30 14:33,4186.57,STOP,-1.033
2026-09-30 16:21,buy,primary,4191.49,4184.2,2026-09-30 16:33,4188.92,R1 invalidation,-0.372
2026-09-30 22:24,buy,primary,4152.81,4150.34,2026-09-30 22:42,4152.91,R1 invalidation,-0.016
2026-09-30 23:00,buy,primary,4153.28,4150.59,2026-09-30 23:48,4157.97,R1 invalidation,1.68
2026-10-01 03:42,sell,primary,4143.93,4148.7,2026-10-01 04:00,4148.7,STOP,-1.029
2026-10-01 05:51,sell,primary,4159.18,4163.21,2026-10-01 06:03,4163.21,STOP,-1.035
2026-10-01 09:15,buy,primary,4189.72,4187.03,2026-10-01 09:27,4188.27,R1 invalidation,-0.591
2026-10-01 12:36,buy,primary,4161.11,4158.7,2026-10-01 12:51,4160.12,R1 invalidation,-0.469
2026-10-01 17:06,sell,primary,4161.81,4165.88,2026-10-01 17:30,4165.88,STOP,-1.034
